year,age,mQx,fQx
1900,0,0.14596,0
1900,1,0.03814,1
1900,2,0.01958,2
1900,3,0.01353,3
1900,4,0.01080,4
1900,5,0.00794,5
1900,6,0.00570,6
1900,7,0.00407,7
1900,8,0.00305,8
1900,9,0.00256,9
1900,10,0.00248,10
1900,11,0.00267,11
1900,12,0.00294,12
1900,13,0.00315,13
1900,14,0.00336,14
1900,15,0.00367,15
1900,16,0.00415,16
1900,17,0.00468,17
1900,18,0.00523,18
1900,19,0.00580,19
1900,20,0.00642,20
1900,21,0.00702,21
1900,22,0.00745,22
1900,23,0.00762,23
1900,24,0.00761,24
1900,25,0.00753,25
1900,26,0.00750,26
1900,27,0.00756,27
1900,28,0.00776,28
1900,29,0.00806,29
1900,30,0.00838,30
1900,31,0.00867,31
1900,32,0.00894,32
1900,33,0.00917,33
1900,34,0.00938,34
1900,35,0.00960,35
1900,36,0.00985,36
1900,37,0.01008,37
1900,38,0.01029,38
1900,39,0.01051,39
1900,40,0.01074,40
1900,41,0.01102,41
1900,42,0.01134,42
1900,43,0.01172,43
1900,44,0.01217,44
1900,45,0.01268,45
1900,46,0.01324,46
1900,47,0.01383,47
1900,48,0.01446,48
1900,49,0.01515,49
1900,50,0.01589,50
1900,51,0.01673,51
1900,52,0.01771,52
1900,53,0.01884,53
1900,54,0.02011,54
1900,55,0.02154,55
1900,56,0.02307,56
1900,57,0.02459,57
1900,58,0.02609,58
1900,59,0.02762,59
1900,60,0.02930,60
1900,61,0.03123,61
1900,62,0.03340,62
1900,63,0.03584,63
1900,64,0.03858,64
1900,65,0.04159,65
1900,66,0.04488,66
1900,67,0.04852,67
1900,68,0.05253,68
1900,69,0.05691,69
1900,70,0.06182,70
1900,71,0.06714,71
1900,72,0.07254,72
1900,73,0.07793,73
1900,74,0.08354,74
1900,75,0.08945,75
1900,76,0.09618,76
1900,77,0.10426,77
1900,78,0.11400,78
1900,79,0.12504,79
1900,80,0.13692,80
1900,81,0.14905,81
1900,82,0.16118,82
1900,83,0.17303,83
1900,84,0.18486,84
1900,85,0.19707,85
1900,86,0.20998,86
1900,87,0.22376,87
1900,88,0.23841,88
1900,89,0.25378,89
1900,90,0.26970,90
1900,91,0.28598,91
1900,92,0.30241,92
1900,93,0.31883,93
1900,94,0.33510,94
1900,95,0.35212,95
1900,96,0.36994,96
1900,97,0.38858,97
1900,98,0.40809,98
1900,99,0.42850,99
1900,100,0.44992,100
1900,101,0.47242,101
1900,102,0.49604,102
1900,103,0.52084,103
1900,104,0.54688,104
1900,105,0.57423,105
1900,106,0.60294,106
1900,107,0.63308,107
1900,108,0.66474,108
1900,109,0.69797,109
1900,110,0.73287,110
1900,111,0.76952,111
1900,112,0.80799,112
1900,113,0.84839,113
1900,114,0.89081,114
1900,115,0.93535,115
1900,116,0.98212,116
1900,117,1.00000,117
1900,118,1.00000,118
1900,119,1.00000,119
1910,0,0.12006,0
1910,1,0.02729,1
1910,2,0.01407,2
1910,3,0.00976,3
1910,4,0.00779,4
1910,5,0.00581,5
1910,6,0.00426,6
1910,7,0.00314,7
1910,8,0.00245,8
1910,9,0.00213,9
1910,10,0.00211,10
1910,11,0.00226,11
1910,12,0.00248,12
1910,13,0.00265,13
1910,14,0.00282,14
1910,15,0.00306,15
1910,16,0.00342,16
1910,17,0.00383,17
1910,18,0.00427,18
1910,19,0.00473,19
1910,20,0.00524,20
1910,21,0.00574,21
1910,22,0.00609,22
1910,23,0.00624,23
1910,24,0.00625,24
1910,25,0.00620,25
1910,26,0.00621,26
1910,27,0.00629,27
1910,28,0.00650,28
1910,29,0.00680,29
1910,30,0.00713,30
1910,31,0.00744,31
1910,32,0.00773,32
1910,33,0.00798,33
1910,34,0.00821,34
1910,35,0.00844,35
1910,36,0.00871,36
1910,37,0.00902,37
1910,38,0.00938,38
1910,39,0.00979,39
1910,40,0.01023,40
1910,41,0.01068,41
1910,42,0.01115,42
1910,43,0.01163,43
1910,44,0.01213,44
1910,45,0.01270,45
1910,46,0.01331,46
1910,47,0.01386,47
1910,48,0.01433,48
1910,49,0.01478,49
1910,50,0.01524,50
1910,51,0.01584,51
1910,52,0.01671,52
1910,53,0.01791,53
1910,54,0.01938,54
1910,55,0.02103,55
1910,56,0.02274,56
1910,57,0.02446,57
1910,58,0.02613,58
1910,59,0.02781,59
1910,60,0.02968,60
1910,61,0.03177,61
1910,62,0.03397,62
1910,63,0.03629,63
1910,64,0.03879,64
1910,65,0.04151,65
1910,66,0.04457,66
1910,67,0.04808,67
1910,68,0.05213,68
1910,69,0.05668,69
1910,70,0.06173,70
1910,71,0.06714,71
1910,72,0.07269,72
1910,73,0.07831,73
1910,74,0.08416,74
1910,75,0.09027,75
1910,76,0.09706,76
1910,77,0.10502,77
1910,78,0.11440,78
1910,79,0.12486,79
1910,80,0.13627,80
1910,81,0.14785,81
1910,82,0.15885,82
1910,83,0.16887,83
1910,84,0.17847,84
1910,85,0.18850,85
1910,86,0.19968,86
1910,87,0.21239,87
1910,88,0.22672,88
1910,89,0.24248,89
1910,90,0.25938,90
1910,91,0.27712,91
1910,92,0.29536,92
1910,93,0.31383,93
1910,94,0.33228,94
1910,95,0.35123,95
1910,96,0.37065,96
1910,97,0.39048,97
1910,98,0.41070,98
1910,99,0.43123,99
1910,100,0.45279,100
1910,101,0.47543,101
1910,102,0.49920,102
1910,103,0.52416,103
1910,104,0.55037,104
1910,105,0.57789,105
1910,106,0.60678,106
1910,107,0.63712,107
1910,108,0.66898,108
1910,109,0.70243,109
1910,110,0.73755,110
1910,111,0.77443,111
1910,112,0.81315,112
1910,113,0.85381,113
1910,114,0.89650,114
1910,115,0.94132,115
1910,116,0.98839,116
1910,117,1.00000,117
1910,118,1.00000,118
1910,119,1.00000,119
1920,0,0.08594,0
1920,1,0.01885,1
1920,2,0.00979,2
1920,3,0.00682,3
1920,4,0.00546,4
1920,5,0.00438,5
1920,6,0.00354,6
1920,7,0.00292,7
1920,8,0.00249,8
1920,9,0.00225,9
1920,10,0.00216,10
1920,11,0.00220,11
1920,12,0.00236,12
1920,13,0.00261,13
1920,14,0.00294,14
1920,15,0.00334,15
1920,16,0.00378,16
1920,17,0.00418,17
1920,18,0.00451,18
1920,19,0.00479,19
1920,20,0.00507,20
1920,21,0.00537,21
1920,22,0.00558,22
1920,23,0.00567,23
1920,24,0.00569,24
1920,25,0.00566,25
1920,26,0.00566,26
1920,27,0.00575,27
1920,28,0.00596,28
1920,29,0.00626,29
1920,30,0.00660,30
1920,31,0.00689,31
1920,32,0.00714,32
1920,33,0.00729,33
1920,34,0.00739,34
1920,35,0.00748,35
1920,36,0.00760,36
1920,37,0.00773,37
1920,38,0.00788,38
1920,39,0.00804,39
1920,40,0.00823,40
1920,41,0.00845,41
1920,42,0.00871,42
1920,43,0.00904,43
1920,44,0.00942,44
1920,45,0.00986,45
1920,46,0.01036,46
1920,47,0.01089,47
1920,48,0.01147,48
1920,49,0.01210,49
1920,50,0.01279,50
1920,51,0.01357,51
1920,52,0.01448,52
1920,53,0.01554,53
1920,54,0.01673,54
1920,55,0.01809,55
1920,56,0.01954,56
1920,57,0.02092,57
1920,58,0.02219,58
1920,59,0.02344,59
1920,60,0.02481,60
1920,61,0.02647,61
1920,62,0.02850,62
1920,63,0.03099,63
1920,64,0.03390,64
1920,65,0.03714,65
1920,66,0.04063,66
1920,67,0.04437,67
1920,68,0.04834,68
1920,69,0.05258,69
1920,70,0.05728,70
1920,71,0.06241,71
1920,72,0.06779,72
1920,73,0.07339,73
1920,74,0.07934,74
1920,75,0.08558,75
1920,76,0.09246,76
1920,77,0.10049,77
1920,78,0.10989,78
1920,79,0.12035,79
1920,80,0.13169,80
1920,81,0.14321,81
1920,82,0.15428,82
1920,83,0.16454,83
1920,84,0.17446,84
1920,85,0.18477,85
1920,86,0.19607,86
1920,87,0.20869,87
1920,88,0.22270,88
1920,89,0.23793,89
1920,90,0.25413,90
1920,91,0.27101,91
1920,92,0.28830,92
1920,93,0.30575,93
1920,94,0.32315,94
1920,95,0.34109,95
1920,96,0.35956,96
1920,97,0.37852,97
1920,98,0.39797,98
1920,99,0.41787,99
1920,100,0.43877,100
1920,101,0.46070,101
1920,102,0.48374,102
1920,103,0.50793,103
1920,104,0.53332,104
1920,105,0.55999,105
1920,106,0.58799,106
1920,107,0.61739,107
1920,108,0.64826,108
1920,109,0.68067,109
1920,110,0.71470,110
1920,111,0.75044,111
1920,112,0.78796,112
1920,113,0.82736,113
1920,114,0.86872,114
1920,115,0.91216,115
1920,116,0.95777,116
1920,117,1.00000,117
1920,118,1.00000,118
1920,119,1.00000,119
1930,0,0.06495,0
1930,1,0.01090,1
1930,2,0.00576,2
1930,3,0.00406,3
1930,4,0.00326,4
1930,5,0.00274,5
1930,6,0.00233,6
1930,7,0.00201,7
1930,8,0.00178,8
1930,9,0.00162,9
1930,10,0.00153,10
1930,11,0.00153,11
1930,12,0.00161,12
1930,13,0.00179,13
1930,14,0.00204,14
1930,15,0.00234,15
1930,16,0.00265,16
1930,17,0.00295,17
1930,18,0.00323,18
1930,19,0.00348,19
1930,20,0.00374,20
1930,21,0.00400,21
1930,22,0.00420,22
1930,23,0.00431,23
1930,24,0.00436,24
1930,25,0.00439,25
1930,26,0.00444,26
1930,27,0.00451,27
1930,28,0.00461,28
1930,29,0.00475,29
1930,30,0.00491,30
1930,31,0.00507,31
1930,32,0.00525,32
1930,33,0.00543,33
1930,34,0.00562,34
1930,35,0.00583,35
1930,36,0.00608,36
1930,37,0.00638,37
1930,38,0.00674,38
1930,39,0.00715,39
1930,40,0.00762,40
1930,41,0.00811,41
1930,42,0.00860,42
1930,43,0.00909,43
1930,44,0.00959,44
1930,45,0.01013,45
1930,46,0.01073,46
1930,47,0.01141,47
1930,48,0.01218,48
1930,49,0.01304,49
1930,50,0.01398,50
1930,51,0.01499,51
1930,52,0.01601,52
1930,53,0.01703,53
1930,54,0.01808,54
1930,55,0.01922,55
1930,56,0.02049,56
1930,57,0.02194,57
1930,58,0.02357,58
1930,59,0.02539,59
1930,60,0.02740,60
1930,61,0.02956,61
1930,62,0.03183,62
1930,63,0.03419,63
1930,64,0.03670,64
1930,65,0.03945,65
1930,66,0.04250,66
1930,67,0.04580,67
1930,68,0.04938,68
1930,69,0.05326,69
1930,70,0.05752,70
1930,71,0.06217,71
1930,72,0.06724,72
1930,73,0.07276,73
1930,74,0.07875,74
1930,75,0.08509,75
1930,76,0.09191,76
1930,77,0.09949,77
1930,78,0.10794,78
1930,79,0.11710,79
1930,80,0.12717,80
1930,81,0.13755,81
1930,82,0.14736,82
1930,83,0.15622,83
1930,84,0.16476,84
1930,85,0.17388,85
1930,86,0.18436,86
1930,87,0.19664,87
1930,88,0.21085,88
1930,89,0.22683,89
1930,90,0.24430,90
1930,91,0.26295,91
1930,92,0.28247,92
1930,93,0.30257,93
1930,94,0.32300,94
1930,95,0.34368,95
1930,96,0.36448,96
1930,97,0.38526,97
1930,98,0.40587,98
1930,99,0.42617,99
1930,100,0.44748,100
1930,101,0.46985,101
1930,102,0.49334,102
1930,103,0.51801,103
1930,104,0.54391,104
1930,105,0.57111,105
1930,106,0.59966,106
1930,107,0.62964,107
1930,108,0.66113,108
1930,109,0.69418,109
1930,110,0.72889,110
1930,111,0.76534,111
1930,112,0.80360,112
1930,113,0.84378,113
1930,114,0.88597,114
1930,115,0.93027,115
1930,116,0.97678,116
1930,117,1.00000,117
1930,118,1.00000,118
1930,119,1.00000,119
1940,0,0.05286,0
1940,1,0.00579,1
1940,2,0.00301,2
1940,3,0.00200,3
1940,4,0.00167,4
1940,5,0.00147,5
1940,6,0.00132,6
1940,7,0.00120,7
1940,8,0.00111,8
1940,9,0.00105,9
1940,10,0.00102,10
1940,11,0.00103,11
1940,12,0.00108,12
1940,13,0.00120,13
1940,14,0.00136,14
1940,15,0.00154,15
1940,16,0.00172,16
1940,17,0.00191,17
1940,18,0.00209,18
1940,19,0.00226,19
1940,20,0.00244,20
1940,21,0.00262,21
1940,22,0.00276,22
1940,23,0.00284,23
1940,24,0.00289,24
1940,25,0.00292,25
1940,26,0.00297,26
1940,27,0.00304,27
1940,28,0.00314,28
1940,29,0.00326,29
1940,30,0.00340,30
1940,31,0.00355,31
1940,32,0.00371,32
1940,33,0.00388,33
1940,34,0.00407,34
1940,35,0.00428,35
1940,36,0.00452,36
1940,37,0.00481,37
1940,38,0.00514,38
1940,39,0.00552,39
1940,40,0.00595,40
1940,41,0.00642,41
1940,42,0.00691,42
1940,43,0.00744,43
1940,44,0.00799,44
1940,45,0.00860,45
1940,46,0.00927,46
1940,47,0.01002,47
1940,48,0.01087,48
1940,49,0.01180,49
1940,50,0.01281,50
1940,51,0.01388,51
1940,52,0.01501,52
1940,53,0.01619,53
1940,54,0.01743,54
1940,55,0.01878,55
1940,56,0.02023,56
1940,57,0.02173,57
1940,58,0.02326,58
1940,59,0.02487,59
1940,60,0.02663,60
1940,61,0.02858,61
1940,62,0.03067,62
1940,63,0.03293,63
1940,64,0.03539,64
1940,65,0.03812,65
1940,66,0.04113,66
1940,67,0.04441,67
1940,68,0.04797,68
1940,69,0.05185,69
1940,70,0.05611,70
1940,71,0.06081,71
1940,72,0.06599,72
1940,73,0.07167,73
1940,74,0.07788,74
1940,75,0.08449,75
1940,76,0.09161,76
1940,77,0.09945,77
1940,78,0.10808,78
1940,79,0.11738,79
1940,80,0.12749,80
1940,81,0.13799,81
1940,82,0.14824,82
1940,83,0.15802,83
1940,84,0.16772,84
1940,85,0.17798,85
1940,86,0.18932,86
1940,87,0.20203,87
1940,88,0.21619,88
1940,89,0.23168,89
1940,90,0.24830,90
1940,91,0.26585,91
1940,92,0.28409,92
1940,93,0.30282,93
1940,94,0.32187,94
1940,95,0.34128,95
1940,96,0.36099,96
1940,97,0.38090,97
1940,98,0.40092,98
1940,99,0.42097,99
1940,100,0.44202,100
1940,101,0.46412,101
1940,102,0.48733,102
1940,103,0.51169,103
1940,104,0.53728,104
1940,105,0.56414,105
1940,106,0.59235,106
1940,107,0.62196,107
1940,108,0.65306,108
1940,109,0.68572,109
1940,110,0.72000,110
1940,111,0.75600,111
1940,112,0.79380,112
1940,113,0.83349,113
1940,114,0.87517,114
1940,115,0.91892,115
1940,116,0.96487,116
1940,117,1.00000,117
1940,118,1.00000,118
1940,119,1.00000,119
1950,0,0.03279,0
1950,1,0.00245,1
1950,2,0.00141,2
1950,3,0.00115,3
1950,4,0.00086,4
1950,5,0.00079,5
1950,6,0.00074,6
1950,7,0.00070,7
1950,8,0.00066,8
1950,9,0.00062,9
1950,10,0.00060,10
1950,11,0.00060,11
1950,12,0.00065,12
1950,13,0.00077,13
1950,14,0.00093,14
1950,15,0.00111,15
1950,16,0.00128,16
1950,17,0.00144,17
1950,18,0.00157,18
1950,19,0.00168,19
1950,20,0.00180,20
1950,21,0.00192,21
1950,22,0.00199,22
1950,23,0.00201,23
1950,24,0.00199,24
1950,25,0.00196,25
1950,26,0.00194,26
1950,27,0.00195,27
1950,28,0.00198,28
1950,29,0.00205,29
1950,30,0.00213,30
1950,31,0.00223,31
1950,32,0.00234,32
1950,33,0.00248,33
1950,34,0.00264,34
1950,35,0.00282,35
1950,36,0.00304,36
1950,37,0.00330,37
1950,38,0.00361,38
1950,39,0.00396,39
1950,40,0.00436,40
1950,41,0.00479,41
1950,42,0.00527,42
1950,43,0.00578,43
1950,44,0.00633,44
1950,45,0.00693,45
1950,46,0.00759,46
1950,47,0.00832,47
1950,48,0.00912,48
1950,49,0.00999,49
1950,50,0.01094,50
1950,51,0.01195,51
1950,52,0.01303,52
1950,53,0.01419,53
1950,54,0.01541,54
1950,55,0.01672,55
1950,56,0.01811,56
1950,57,0.01961,57
1950,58,0.02120,58
1950,59,0.02290,59
1950,60,0.02476,60
1950,61,0.02673,61
1950,62,0.02871,62
1950,63,0.03068,63
1950,64,0.03269,64
1950,65,0.03487,65
1950,66,0.03732,66
1950,67,0.04008,67
1950,68,0.04320,68
1950,69,0.04667,69
1950,70,0.05046,70
1950,71,0.05456,71
1950,72,0.05899,72
1950,73,0.06378,73
1950,74,0.06893,74
1950,75,0.07458,75
1950,76,0.08066,76
1950,77,0.08698,77
1950,78,0.09349,78
1950,79,0.10034,79
1950,80,0.10761,80
1950,81,0.11558,81
1950,82,0.12452,82
1950,83,0.13456,83
1950,84,0.14555,84
1950,85,0.15723,85
1950,86,0.16939,86
1950,87,0.18189,87
1950,88,0.19472,88
1950,89,0.20793,89
1950,90,0.22159,90
1950,91,0.23579,91
1950,92,0.25062,92
1950,93,0.26614,93
1950,94,0.28239,94
1950,95,0.29902,95
1950,96,0.31596,96
1950,97,0.33316,97
1950,98,0.35055,98
1950,99,0.36808,99
1950,100,0.38649,100
1950,101,0.40581,101
1950,102,0.42610,102
1950,103,0.44741,103
1950,104,0.46978,104
1950,105,0.49327,105
1950,106,0.51793,106
1950,107,0.54383,107
1950,108,0.57102,108
1950,109,0.59957,109
1950,110,0.62955,110
1950,111,0.66102,111
1950,112,0.69407,112
1950,113,0.72878,113
1950,114,0.76522,114
1950,115,0.80348,115
1950,116,0.84365,116
1950,117,0.88583,117
1950,118,0.93012,118
1950,119,0.97663,119
1960,0,0.02937,0
1960,1,0.00188,1
1960,2,0.00116,2
1960,3,0.00092,3
1960,4,0.00076,4
1960,5,0.00067,5
1960,6,0.00060,6
1960,7,0.00055,7
1960,8,0.00050,8
1960,9,0.00046,9
1960,10,0.00043,10
1960,11,0.00044,11
1960,12,0.00049,12
1960,13,0.00062,13
1960,14,0.00079,14
1960,15,0.00098,15
1960,16,0.00117,16
1960,17,0.00133,17
1960,18,0.00147,18
1960,19,0.00157,19
1960,20,0.00167,20
1960,21,0.00178,21
1960,22,0.00184,22
1960,23,0.00184,23
1960,24,0.00181,24
1960,25,0.00177,25
1960,26,0.00174,26
1960,27,0.00172,27
1960,28,0.00173,28
1960,29,0.00177,29
1960,30,0.00183,30
1960,31,0.00189,31
1960,32,0.00198,32
1960,33,0.00210,33
1960,34,0.00225,34
1960,35,0.00242,35
1960,36,0.00263,36
1960,37,0.00287,37
1960,38,0.00313,38
1960,39,0.00342,39
1960,40,0.00375,40
1960,41,0.00414,41
1960,42,0.00456,42
1960,43,0.00504,43
1960,44,0.00557,44
1960,45,0.00614,45
1960,46,0.00677,46
1960,47,0.00750,47
1960,48,0.00835,48
1960,49,0.00928,49
1960,50,0.01033,50
1960,51,0.01142,51
1960,52,0.01249,52
1960,53,0.01349,53
1960,54,0.01449,54
1960,55,0.01553,55
1960,56,0.01672,56
1960,57,0.01814,57
1960,58,0.01985,58
1960,59,0.02180,59
1960,60,0.02392,60
1960,61,0.02613,61
1960,62,0.02835,62
1960,63,0.03054,63
1960,64,0.03276,64
1960,65,0.03515,65
1960,66,0.03776,66
1960,67,0.04053,67
1960,68,0.04349,68
1960,69,0.04666,69
1960,70,0.05019,70
1960,71,0.05403,71
1960,72,0.05801,72
1960,73,0.06207,73
1960,74,0.06638,74
1960,75,0.07091,75
1960,76,0.07606,76
1960,77,0.08234,77
1960,78,0.09000,78
1960,79,0.09874,79
1960,80,0.10835,80
1960,81,0.11815,81
1960,82,0.12756,82
1960,83,0.13624,83
1960,84,0.14464,84
1960,85,0.15344,85
1960,86,0.16323,86
1960,87,0.17434,87
1960,88,0.18684,88
1960,89,0.20056,89
1960,90,0.21529,90
1960,91,0.23075,91
1960,92,0.24668,92
1960,93,0.26285,93
1960,94,0.27903,94
1960,95,0.29557,95
1960,96,0.31240,96
1960,97,0.32947,97
1960,98,0.34670,98
1960,99,0.36404,99
1960,100,0.38224,100
1960,101,0.40135,101
1960,102,0.42142,102
1960,103,0.44249,103
1960,104,0.46461,104
1960,105,0.48784,105
1960,106,0.51224,106
1960,107,0.53785,107
1960,108,0.56474,108
1960,109,0.59298,109
1960,110,0.62263,110
1960,111,0.65376,111
1960,112,0.68644,112
1960,113,0.72077,113
1960,114,0.75681,114
1960,115,0.79465,115
1960,116,0.83438,116
1960,117,0.87610,117
1960,118,0.91990,118
1960,119,0.96590,119
1970,0,0.02246,0
1970,1,0.00132,1
1970,2,0.00091,2
1970,3,0.00078,3
1970,4,0.00064,4
1970,5,0.00058,5
1970,6,0.00055,6
1970,7,0.00051,7
1970,8,0.00046,8
1970,9,0.00040,9
1970,10,0.00035,10
1970,11,0.00035,11
1970,12,0.00042,12
1970,13,0.00060,13
1970,14,0.00085,14
1970,15,0.00113,15
1970,16,0.00139,16
1970,17,0.00162,17
1970,18,0.00181,18
1970,19,0.00195,19
1970,20,0.00209,20
1970,21,0.00223,21
1970,22,0.00230,22
1970,23,0.00228,23
1970,24,0.00220,24
1970,25,0.00209,25
1970,26,0.00201,26
1970,27,0.00195,27
1970,28,0.00196,28
1970,29,0.00202,29
1970,30,0.00209,30
1970,31,0.00217,31
1970,32,0.00227,32
1970,33,0.00239,33
1970,34,0.00252,34
1970,35,0.00268,35
1970,36,0.00288,36
1970,37,0.00310,37
1970,38,0.00337,38
1970,39,0.00367,39
1970,40,0.00402,40
1970,41,0.00440,41
1970,42,0.00481,42
1970,43,0.00525,43
1970,44,0.00573,44
1970,45,0.00626,45
1970,46,0.00685,46
1970,47,0.00749,47
1970,48,0.00817,48
1970,49,0.00891,49
1970,50,0.00972,50
1970,51,0.01061,51
1970,52,0.01162,52
1970,53,0.01276,53
1970,54,0.01402,54
1970,55,0.01539,55
1970,56,0.01684,56
1970,57,0.01837,57
1970,58,0.01997,58
1970,59,0.02166,59
1970,60,0.02348,60
1970,61,0.02542,61
1970,62,0.02745,62
1970,63,0.02955,63
1970,64,0.03177,64
1970,65,0.03416,65
1970,66,0.03675,66
1970,67,0.03949,67
1970,68,0.04239,68
1970,69,0.04549,69
1970,70,0.04887,70
1970,71,0.05255,71
1970,72,0.05652,72
1970,73,0.06078,73
1970,74,0.06538,74
1970,75,0.07039,75
1970,76,0.07583,76
1970,77,0.08172,77
1970,78,0.08807,78
1970,79,0.09491,79
1970,80,0.10224,80
1970,81,0.11013,81
1970,82,0.11867,82
1970,83,0.12792,83
1970,84,0.13784,84
1970,85,0.14834,85
1970,86,0.15936,86
1970,87,0.17086,87
1970,88,0.18283,88
1970,89,0.19529,89
1970,90,0.20824,90
1970,91,0.22170,91
1970,92,0.23570,92
1970,93,0.25024,93
1970,94,0.26532,94
1970,95,0.28077,95
1970,96,0.29654,96
1970,97,0.31258,97
1970,98,0.32885,98
1970,99,0.34530,99
1970,100,0.36256,100
1970,101,0.38069,101
1970,102,0.39972,102
1970,103,0.41971,103
1970,104,0.44070,104
1970,105,0.46273,105
1970,106,0.48587,106
1970,107,0.51016,107
1970,108,0.53567,108
1970,109,0.56245,109
1970,110,0.59057,110
1970,111,0.62010,111
1970,112,0.65111,112
1970,113,0.68366,113
1970,114,0.71785,114
1970,115,0.75374,115
1970,116,0.79143,116
1970,117,0.83100,117
1970,118,0.87255,118
1970,119,0.91617,119
1980,0,0.01398,0
1980,1,0.00106,1
1980,2,0.00072,2
1980,3,0.00060,3
1980,4,0.00047,4
1980,5,0.00042,5
1980,6,0.00039,6
1980,7,0.00037,7
1980,8,0.00032,8
1980,9,0.00027,9
1980,10,0.00023,10
1980,11,0.00022,11
1980,12,0.00029,12
1980,13,0.00047,13
1980,14,0.00071,14
1980,15,0.00098,15
1980,16,0.00123,16
1980,17,0.00145,17
1980,18,0.00163,18
1980,19,0.00176,19
1980,20,0.00189,20
1980,21,0.00201,21
1980,22,0.00208,22
1980,23,0.00210,23
1980,24,0.00206,24
1980,25,0.00201,25
1980,26,0.00197,26
1980,27,0.00193,27
1980,28,0.00190,28
1980,29,0.00189,29
1980,30,0.00189,30
1980,31,0.00189,31
1980,32,0.00192,32
1980,33,0.00197,33
1980,34,0.00204,34
1980,35,0.00215,35
1980,36,0.00227,36
1980,37,0.00242,37
1980,38,0.00259,38
1980,39,0.00279,39
1980,40,0.00302,40
1980,41,0.00329,41
1980,42,0.00360,42
1980,43,0.00394,43
1980,44,0.00433,44
1980,45,0.00476,45
1980,46,0.00524,46
1980,47,0.00578,47
1980,48,0.00637,48
1980,49,0.00702,49
1980,50,0.00774,50
1980,51,0.00852,51
1980,52,0.00935,52
1980,53,0.01022,53
1980,54,0.01115,54
1980,55,0.01218,55
1980,56,0.01331,56
1980,57,0.01449,57
1980,58,0.01572,58
1980,59,0.01703,59
1980,60,0.01844,60
1980,61,0.02001,61
1980,62,0.02182,62
1980,63,0.02391,63
1980,64,0.02625,64
1980,65,0.02881,65
1980,66,0.03152,66
1980,67,0.03429,67
1980,68,0.03710,68
1980,69,0.04000,69
1980,70,0.04312,70
1980,71,0.04654,71
1980,72,0.05025,72
1980,73,0.05428,73
1980,74,0.05865,74
1980,75,0.06342,75
1980,76,0.06855,76
1980,77,0.07396,77
1980,78,0.07961,78
1980,79,0.08562,79
1980,80,0.09204,80
1980,81,0.09907,81
1980,82,0.10684,82
1980,83,0.11547,83
1980,84,0.12487,84
1980,85,0.13490,85
1980,86,0.14546,86
1980,87,0.15646,87
1980,88,0.16792,88
1980,89,0.17985,89
1980,90,0.19232,90
1980,91,0.20537,91
1980,92,0.21905,92
1980,93,0.23341,93
1980,94,0.24846,94
1980,95,0.26377,95
1980,96,0.27925,96
1980,97,0.29484,97
1980,98,0.31043,98
1980,99,0.32595,99
1980,100,0.34225,100
1980,101,0.35936,101
1980,102,0.37733,102
1980,103,0.39620,103
1980,104,0.41601,104
1980,105,0.43681,105
1980,106,0.45865,106
1980,107,0.48158,107
1980,108,0.50566,108
1980,109,0.53095,109
1980,110,0.55749,110
1980,111,0.58537,111
1980,112,0.61464,112
1980,113,0.64537,113
1980,114,0.67764,114
1980,115,0.71152,115
1980,116,0.74709,116
1980,117,0.78445,117
1980,118,0.82367,118
1980,119,0.86485,119
1990,0,0.01028,0
1990,1,0.00077,1
1990,2,0.00053,2
1990,3,0.00040,3
1990,4,0.00034,4
1990,5,0.00030,5
1990,6,0.00028,6
1990,7,0.00027,7
1990,8,0.00024,8
1990,9,0.00020,9
1990,10,0.00016,10
1990,11,0.00017,11
1990,12,0.00024,12
1990,13,0.00040,13
1990,14,0.00063,14
1990,15,0.00089,15
1990,16,0.00113,16
1990,17,0.00133,17
1990,18,0.00145,18
1990,19,0.00151,19
1990,20,0.00156,20
1990,21,0.00162,21
1990,22,0.00167,22
1990,23,0.00171,23
1990,24,0.00174,24
1990,25,0.00177,25
1990,26,0.00179,26
1990,27,0.00183,27
1990,28,0.00189,28
1990,29,0.00196,29
1990,30,0.00204,30
1990,31,0.00212,31
1990,32,0.00221,32
1990,33,0.00232,33
1990,34,0.00243,34
1990,35,0.00256,35
1990,36,0.00269,36
1990,37,0.00281,37
1990,38,0.00291,38
1990,39,0.00299,39
1990,40,0.00309,40
1990,41,0.00322,41
1990,42,0.00339,42
1990,43,0.00360,43
1990,44,0.00386,44
1990,45,0.00416,45
1990,46,0.00450,46
1990,47,0.00487,47
1990,48,0.00528,48
1990,49,0.00574,49
1990,50,0.00625,50
1990,51,0.00682,51
1990,52,0.00747,52
1990,53,0.00820,53
1990,54,0.00900,54
1990,55,0.00989,55
1990,56,0.01086,56
1990,57,0.01193,57
1990,58,0.01309,58
1990,59,0.01436,59
1990,60,0.01576,60
1990,61,0.01726,61
1990,62,0.01882,62
1990,63,0.02042,63
1990,64,0.02209,64
1990,65,0.02393,65
1990,66,0.02597,66
1990,67,0.02820,67
1990,68,0.03062,68
1990,69,0.03326,69
1990,70,0.03617,70
1990,71,0.03938,71
1990,72,0.04288,72
1990,73,0.04671,73
1990,74,0.05088,74
1990,75,0.05545,75
1990,76,0.06042,76
1990,77,0.06578,77
1990,78,0.07153,78
1990,79,0.07772,79
1990,80,0.08448,80
1990,81,0.09179,81
1990,82,0.09954,82
1990,83,0.10772,83
1990,84,0.11642,84
1990,85,0.12579,85
1990,86,0.13593,86
1990,87,0.14692,87
1990,88,0.15878,88
1990,89,0.17151,89
1990,90,0.18509,90
1990,91,0.19947,91
1990,92,0.21463,92
1990,93,0.23052,93
1990,94,0.24710,94
1990,95,0.26379,95
1990,96,0.28044,96
1990,97,0.29693,97
1990,98,0.31307,98
1990,99,0.32873,99
1990,100,0.34516,100
1990,101,0.36242,101
1990,102,0.38054,102
1990,103,0.39957,103
1990,104,0.41955,104
1990,105,0.44052,105
1990,106,0.46255,106
1990,107,0.48568,107
1990,108,0.50996,108
1990,109,0.53546,109
1990,110,0.56223,110
1990,111,0.59034,111
1990,112,0.61986,112
1990,113,0.65086,113
1990,114,0.68340,114
1990,115,0.71757,115
1990,116,0.75345,116
1990,117,0.79112,117
1990,118,0.83067,118
1990,119,0.87221,119
2000,0,0.00759,0
2000,1,0.00054,1
2000,2,0.00038,2
2000,3,0.00028,3
2000,4,0.00022,4
2000,5,0.00020,5
2000,6,0.00019,6
2000,7,0.00018,7
2000,8,0.00017,8
2000,9,0.00014,9
2000,10,0.00013,10
2000,11,0.00013,11
2000,12,0.00019,12
2000,13,0.00031,13
2000,14,0.00047,14
2000,15,0.00064,15
2000,16,0.00081,16
2000,17,0.00096,17
2000,18,0.00108,18
2000,19,0.00117,19
2000,20,0.00127,20
2000,21,0.00136,21
2000,22,0.00141,22
2000,23,0.00141,23
2000,24,0.00138,24
2000,25,0.00133,25
2000,26,0.00129,26
2000,27,0.00127,27
2000,28,0.00128,28
2000,29,0.00131,29
2000,30,0.00135,30
2000,31,0.00139,31
2000,32,0.00146,32
2000,33,0.00154,33
2000,34,0.00164,34
2000,35,0.00176,35
2000,36,0.00190,36
2000,37,0.00205,37
2000,38,0.00221,38
2000,39,0.00239,39
2000,40,0.00258,40
2000,41,0.00279,41
2000,42,0.00303,42
2000,43,0.00329,43
2000,44,0.00358,44
2000,45,0.00390,45
2000,46,0.00425,46
2000,47,0.00457,47
2000,48,0.00486,48
2000,49,0.00514,49
2000,50,0.00545,50
2000,51,0.00582,51
2000,52,0.00627,52
2000,53,0.00682,53
2000,54,0.00746,54
2000,55,0.00818,55
2000,56,0.00897,56
2000,57,0.00980,57
2000,58,0.01068,58
2000,59,0.01163,59
2000,60,0.01268,60
2000,61,0.01386,61
2000,62,0.01515,62
2000,63,0.01655,63
2000,64,0.01808,64
2000,65,0.01977,65
2000,66,0.02165,66
2000,67,0.02371,67
2000,68,0.02598,68
2000,69,0.02845,69
2000,70,0.03125,70
2000,71,0.03431,71
2000,72,0.03749,72
2000,73,0.04075,73
2000,74,0.04420,74
2000,75,0.04810,75
2000,76,0.05254,76
2000,77,0.05748,77
2000,78,0.06294,78
2000,79,0.06901,79
2000,80,0.07576,80
2000,81,0.08329,81
2000,82,0.09172,82
2000,83,0.10112,83
2000,84,0.11148,84
2000,85,0.12276,85
2000,86,0.13494,86
2000,87,0.14800,87
2000,88,0.16195,88
2000,89,0.17680,89
2000,90,0.19257,90
2000,91,0.20929,91
2000,92,0.22695,92
2000,93,0.24555,93
2000,94,0.26508,94
2000,95,0.28460,95
2000,96,0.30387,96
2000,97,0.32265,97
2000,98,0.34069,98
2000,99,0.35772,99
2000,100,0.37561,100
2000,101,0.39439,101
2000,102,0.41411,102
2000,103,0.43482,103
2000,104,0.45656,104
2000,105,0.47938,105
2000,106,0.50335,106
2000,107,0.52852,107
2000,108,0.55495,108
2000,109,0.58269,109
2000,110,0.61183,110
2000,111,0.64242,111
2000,112,0.67454,112
2000,113,0.70827,113
2000,114,0.74368,114
2000,115,0.78087,115
2000,116,0.81991,116
2000,117,0.86090,117
2000,118,0.90395,118
2000,119,0.94915,119
2010,0,0.00587,0
2010,1,0.00040,1
2010,2,0.00027,2
2010,3,0.00023,3
2010,4,0.00018,4
2010,5,0.00016,5
2010,6,0.00015,6
2010,7,0.00014,7
2010,8,0.00012,8
2010,9,0.00010,9
2010,10,0.00009,10
2010,11,0.00010,11
2010,12,0.00015,12
2010,13,0.00025,13
2010,14,0.00040,14
2010,15,0.00056,15
2010,16,0.00071,16
2010,17,0.00084,17
2010,18,0.00095,18
2010,19,0.00104,19
2010,20,0.00113,20
2010,21,0.00121,21
2010,22,0.00126,22
2010,23,0.00125,23
2010,24,0.00120,24
2010,25,0.00114,25
2010,26,0.00109,26
2010,27,0.00106,27
2010,28,0.00107,28
2010,29,0.00111,29
2010,30,0.00116,30
2010,31,0.00121,31
2010,32,0.00128,32
2010,33,0.00137,33
2010,34,0.00148,34
2010,35,0.00160,35
2010,36,0.00174,36
2010,37,0.00189,37
2010,38,0.00206,38
2010,39,0.00224,39
2010,40,0.00244,40
2010,41,0.00264,41
2010,42,0.00286,42
2010,43,0.00310,43
2010,44,0.00335,44
2010,45,0.00363,45
2010,46,0.00392,46
2010,47,0.00418,47
2010,48,0.00438,48
2010,49,0.00457,49
2010,50,0.00478,50
2010,51,0.00504,51
2010,52,0.00538,52
2010,53,0.00580,53
2010,54,0.00632,54
2010,55,0.00691,55
2010,56,0.00757,56
2010,57,0.00828,57
2010,58,0.00906,58
2010,59,0.00991,59
2010,60,0.01086,60
2010,61,0.01192,61
2010,62,0.01311,62
2010,63,0.01444,63
2010,64,0.01590,64
2010,65,0.01753,65
2010,66,0.01932,66
2010,67,0.02122,67
2010,68,0.02323,68
2010,69,0.02538,69
2010,70,0.02785,70
2010,71,0.03059,71
2010,72,0.03343,72
2010,73,0.03633,73
2010,74,0.03942,74
2010,75,0.04299,75
2010,76,0.04715,76
2010,77,0.05184,77
2010,78,0.05711,78
2010,79,0.06305,79
2010,80,0.06978,80
2010,81,0.07738,81
2010,82,0.08596,82
2010,83,0.09557,83
2010,84,0.10625,84
2010,85,0.11800,85
2010,86,0.13083,86
2010,87,0.14473,87
2010,88,0.15973,88
2010,89,0.17584,89
2010,90,0.19307,90
2010,91,0.21141,91
2010,92,0.23086,92
2010,93,0.25138,93
2010,94,0.27296,94
2010,95,0.29443,95
2010,96,0.31547,96
2010,97,0.33577,97
2010,98,0.35496,98
2010,99,0.37271,99
2010,100,0.39134,100
2010,101,0.41091,101
2010,102,0.43146,102
2010,103,0.45303,103
2010,104,0.47568,104
2010,105,0.49947,105
2010,106,0.52444,106
2010,107,0.55066,107
2010,108,0.57819,108
2010,109,0.60710,109
2010,110,0.63746,110
2010,111,0.66933,111
2010,112,0.70280,112
2010,113,0.73794,113
2010,114,0.77483,114
2010,115,0.81358,115
2010,116,0.85425,116
2010,117,0.89697,117
2010,118,0.94182,118
2010,119,0.98891,119
2020,0,0.00486,0
2020,1,0.00034,1
2020,2,0.00023,2
2020,3,0.00019,3
2020,4,0.00015,4
2020,5,0.00013,5
2020,6,0.00013,6
2020,7,0.00012,7
2020,8,0.00011,8
2020,9,0.00009,9
2020,10,0.00007,10
2020,11,0.00008,11
2020,12,0.00013,12
2020,13,0.00022,13
2020,14,0.00036,14
2020,15,0.00051,15
2020,16,0.00065,16
2020,17,0.00077,17
2020,18,0.00088,18
2020,19,0.00096,19
2020,20,0.00104,20
2020,21,0.00111,21
2020,22,0.00115,22
2020,23,0.00114,23
2020,24,0.00110,24
2020,25,0.00104,25
2020,26,0.00099,26
2020,27,0.00096,27
2020,28,0.00097,28
2020,29,0.00101,29
2020,30,0.00105,30
2020,31,0.00110,31
2020,32,0.00117,32
2020,33,0.00125,33
2020,34,0.00135,34
2020,35,0.00147,35
2020,36,0.00159,36
2020,37,0.00173,37
2020,38,0.00189,38
2020,39,0.00206,39
2020,40,0.00224,40
2020,41,0.00242,41
2020,42,0.00262,42
2020,43,0.00284,43
2020,44,0.00306,44
2020,45,0.00331,45
2020,46,0.00356,46
2020,47,0.00379,47
2020,48,0.00397,48
2020,49,0.00413,49
2020,50,0.00431,50
2020,51,0.00454,51
2020,52,0.00484,52
2020,53,0.00522,53
2020,54,0.00568,54
2020,55,0.00621,55
2020,56,0.00680,56
2020,57,0.00745,57
2020,58,0.00815,58
2020,59,0.00891,59
2020,60,0.00977,60
2020,61,0.01074,61
2020,62,0.01183,62
2020,63,0.01306,63
2020,64,0.01443,64
2020,65,0.01596,65
2020,66,0.01762,66
2020,67,0.01939,67
2020,68,0.02124,68
2020,69,0.02322,69
2020,70,0.02548,70
2020,71,0.02800,71
2020,72,0.03060,72
2020,73,0.03324,73
2020,74,0.03605,74
2020,75,0.03934,75
2020,76,0.04319,76
2020,77,0.04749,77
2020,78,0.05225,78
2020,79,0.05762,79
2020,80,0.06369,80
2020,81,0.07067,81
2020,82,0.07877,82
2020,83,0.08814,83
2020,84,0.09870,84
2020,85,0.11033,85
2020,86,0.12295,86
2020,87,0.13650,87
2020,88,0.15098,88
2020,89,0.16642,89
2020,90,0.18289,90
2020,91,0.20043,91
2020,92,0.21907,92
2020,93,0.23883,93
2020,94,0.25972,94
2020,95,0.28049,95
2020,96,0.30082,96
2020,97,0.32036,97
2020,98,0.33878,98
2020,99,0.35572,99
2020,100,0.37351,100
2020,101,0.39218,101
2020,102,0.41179,102
2020,103,0.43238,103
2020,104,0.45400,104
2020,105,0.47670,105
2020,106,0.50053,106
2020,107,0.52556,107
2020,108,0.55184,108
2020,109,0.57943,109
2020,110,0.60840,110
2020,111,0.63882,111
2020,112,0.67076,112
2020,113,0.70430,113
2020,114,0.73952,114
2020,115,0.77649,115
2020,116,0.81532,116
2020,117,0.85608,117
2020,118,0.89888,118
2020,119,0.94383,119
2030,0,0.00408,0
2030,1,0.00030,1
2030,2,0.00020,2
2030,3,0.00017,3
2030,4,0.00013,4
2030,5,0.00012,5
2030,6,0.00011,6
2030,7,0.00010,7
2030,8,0.00009,8
2030,9,0.00007,9
2030,10,0.00006,10
2030,11,0.00006,11
2030,12,0.00011,12
2030,13,0.00020,13
2030,14,0.00033,14
2030,15,0.00047,15
2030,16,0.00060,16
2030,17,0.00071,17
2030,18,0.00081,18
2030,19,0.00088,19
2030,20,0.00096,20
2030,21,0.00103,21
2030,22,0.00106,22
2030,23,0.00105,23
2030,24,0.00101,24
2030,25,0.00095,25
2030,26,0.00091,26
2030,27,0.00088,27
2030,28,0.00089,28
2030,29,0.00092,29
2030,30,0.00097,30
2030,31,0.00101,31
2030,32,0.00107,32
2030,33,0.00115,33
2030,34,0.00124,34
2030,35,0.00134,35
2030,36,0.00145,36
2030,37,0.00158,37
2030,38,0.00172,38
2030,39,0.00188,39
2030,40,0.00204,40
2030,41,0.00221,41
2030,42,0.00239,42
2030,43,0.00258,43
2030,44,0.00278,44
2030,45,0.00300,45
2030,46,0.00323,46
2030,47,0.00343,47
2030,48,0.00360,48
2030,49,0.00375,49
2030,50,0.00391,50
2030,51,0.00412,51
2030,52,0.00440,52
2030,53,0.00474,53
2030,54,0.00516,54
2030,55,0.00565,55
2030,56,0.00619,56
2030,57,0.00678,57
2030,58,0.00742,58
2030,59,0.00811,59
2030,60,0.00889,60
2030,61,0.00978,61
2030,62,0.01078,62
2030,63,0.01194,63
2030,64,0.01323,64
2030,65,0.01467,65
2030,66,0.01623,66
2030,67,0.01787,67
2030,68,0.01959,68
2030,69,0.02141,69
2030,70,0.02350,70
2030,71,0.02581,71
2030,72,0.02820,72
2030,73,0.03062,73
2030,74,0.03320,74
2030,75,0.03624,75
2030,76,0.03981,76
2030,77,0.04374,77
2030,78,0.04802,78
2030,79,0.05284,79
2030,80,0.05827,80
2030,81,0.06462,81
2030,82,0.07221,82
2030,83,0.08123,83
2030,84,0.09153,84
2030,85,0.10290,85
2030,86,0.11513,86
2030,87,0.12811,87
2030,88,0.14185,88
2030,89,0.15640,89
2030,90,0.17185,90
2030,91,0.18829,91
2030,92,0.20580,92
2030,93,0.22445,93
2030,94,0.24427,94
2030,95,0.26396,95
2030,96,0.28323,96
2030,97,0.30173,97
2030,98,0.31912,98
2030,99,0.33508,99
2030,100,0.35183,100
2030,101,0.36943,101
2030,102,0.38790,102
2030,103,0.40729,103
2030,104,0.42766,104
2030,105,0.44904,105
2030,106,0.47149,106
2030,107,0.49507,107
2030,108,0.51982,108
2030,109,0.54581,109
2030,110,0.57310,110
2030,111,0.60176,111
2030,112,0.63184,112
2030,113,0.66344,113
2030,114,0.69661,114
2030,115,0.73144,115
2030,116,0.76801,116
2030,117,0.80641,117
2030,118,0.84673,118
2030,119,0.88907,119
2040,0,0.00343,0
2040,1,0.00026,1
2040,2,0.00018,2
2040,3,0.00015,3
2040,4,0.00012,4
2040,5,0.00010,5
2040,6,0.00010,6
2040,7,0.00009,7
2040,8,0.00008,8
2040,9,0.00006,9
2040,10,0.00005,10
2040,11,0.00005,11
2040,12,0.00009,12
2040,13,0.00018,13
2040,14,0.00030,14
2040,15,0.00043,15
2040,16,0.00055,16
2040,17,0.00066,17
2040,18,0.00075,18
2040,19,0.00081,19
2040,20,0.00088,20
2040,21,0.00094,21
2040,22,0.00098,22
2040,23,0.00097,23
2040,24,0.00093,24
2040,25,0.00088,25
2040,26,0.00084,26
2040,27,0.00081,27
2040,28,0.00082,28
2040,29,0.00085,29
2040,30,0.00089,30
2040,31,0.00093,31
2040,32,0.00098,32
2040,33,0.00105,33
2040,34,0.00113,34
2040,35,0.00123,35
2040,36,0.00133,36
2040,37,0.00145,37
2040,38,0.00157,38
2040,39,0.00171,39
2040,40,0.00186,40
2040,41,0.00202,41
2040,42,0.00218,42
2040,43,0.00235,43
2040,44,0.00253,44
2040,45,0.00273,45
2040,46,0.00294,46
2040,47,0.00312,47
2040,48,0.00327,48
2040,49,0.00341,49
2040,50,0.00356,50
2040,51,0.00376,51
2040,52,0.00401,52
2040,53,0.00433,53
2040,54,0.00472,54
2040,55,0.00517,55
2040,56,0.00567,56
2040,57,0.00621,57
2040,58,0.00679,58
2040,59,0.00742,59
2040,60,0.00813,60
2040,61,0.00894,61
2040,62,0.00987,62
2040,63,0.01096,63
2040,64,0.01218,64
2040,65,0.01354,65
2040,66,0.01501,66
2040,67,0.01655,67
2040,68,0.01815,68
2040,69,0.01984,69
2040,70,0.02176,70
2040,71,0.02390,71
2040,72,0.02611,72
2040,73,0.02834,73
2040,74,0.03071,74
2040,75,0.03354,75
2040,76,0.03686,76
2040,77,0.04046,77
2040,78,0.04434,78
2040,79,0.04869,79
2040,80,0.05358,80
2040,81,0.05938,81
2040,82,0.06649,82
2040,83,0.07515,83
2040,84,0.08515,84
2040,85,0.09619,85
2040,86,0.10800,86
2040,87,0.12042,87
2040,88,0.13344,88
2040,89,0.14715,89
2040,90,0.16165,90
2040,91,0.17707,91
2040,92,0.19353,92
2040,93,0.21111,93
2040,94,0.22990,94
2040,95,0.24857,95
2040,96,0.26681,96
2040,97,0.28431,97
2040,98,0.30074,98
2040,99,0.31578,99
2040,100,0.33157,100
2040,101,0.34815,101
2040,102,0.36555,102
2040,103,0.38383,103
2040,104,0.40302,104
2040,105,0.42317,105
2040,106,0.44433,106
2040,107,0.46655,107
2040,108,0.48988,108
2040,109,0.51437,109
2040,110,0.54009,110
2040,111,0.56709,111
2040,112,0.59545,112
2040,113,0.62522,113
2040,114,0.65648,114
2040,115,0.68930,115
2040,116,0.72377,116
2040,117,0.75996,117
2040,118,0.79795,118
2040,119,0.83785,119
2050,0,0.00289,0
2050,1,0.00023,1
2050,2,0.00016,2
2050,3,0.00013,3
2050,4,0.00010,4
2050,5,0.00009,5
2050,6,0.00009,6
2050,7,0.00008,7
2050,8,0.00007,8
2050,9,0.00005,9
2050,10,0.00004,10
2050,11,0.00004,11
2050,12,0.00008,12
2050,13,0.00016,13
2050,14,0.00027,14
2050,15,0.00039,15
2050,16,0.00051,16
2050,17,0.00061,17
2050,18,0.00069,18
2050,19,0.00075,19
2050,20,0.00081,20
2050,21,0.00087,21
2050,22,0.00090,22
2050,23,0.00089,23
2050,24,0.00085,24
2050,25,0.00081,25
2050,26,0.00077,26
2050,27,0.00075,27
2050,28,0.00075,28
2050,29,0.00078,29
2050,30,0.00081,30
2050,31,0.00085,31
2050,32,0.00090,32
2050,33,0.00096,33
2050,34,0.00104,34
2050,35,0.00113,35
2050,36,0.00122,36
2050,37,0.00133,37
2050,38,0.00144,38
2050,39,0.00157,39
2050,40,0.00170,40
2050,41,0.00184,41
2050,42,0.00199,42
2050,43,0.00215,43
2050,44,0.00231,44
2050,45,0.00249,45
2050,46,0.00268,46
2050,47,0.00285,47
2050,48,0.00299,48
2050,49,0.00312,49
2050,50,0.00326,50
2050,51,0.00344,51
2050,52,0.00367,52
2050,53,0.00397,53
2050,54,0.00432,54
2050,55,0.00474,55
2050,56,0.00520,56
2050,57,0.00570,57
2050,58,0.00623,58
2050,59,0.00681,59
2050,60,0.00746,60
2050,61,0.00820,61
2050,62,0.00907,62
2050,63,0.01010,63
2050,64,0.01125,64
2050,65,0.01255,65
2050,66,0.01394,66
2050,67,0.01539,67
2050,68,0.01688,68
2050,69,0.01845,69
2050,70,0.02023,70
2050,71,0.02222,71
2050,72,0.02427,72
2050,73,0.02633,73
2050,74,0.02853,74
2050,75,0.03117,75
2050,76,0.03427,76
2050,77,0.03760,77
2050,78,0.04113,78
2050,79,0.04508,79
2050,80,0.04951,80
2050,81,0.05484,81
2050,82,0.06153,82
2050,83,0.06983,83
2050,84,0.07951,84
2050,85,0.09020,85
2050,86,0.10157,86
2050,87,0.11345,87
2050,88,0.12581,88
2050,89,0.13875,89
2050,90,0.15240,90
2050,91,0.16691,91
2050,92,0.18242,92
2050,93,0.19905,93
2050,94,0.21689,94
2050,95,0.23460,95
2050,96,0.25191,96
2050,97,0.26850,97
2050,98,0.28405,98
2050,99,0.29825,99
2050,100,0.31317,100
2050,101,0.32882,101
2050,102,0.34526,102
2050,103,0.36253,103
2050,104,0.38065,104
2050,105,0.39969,105
2050,106,0.41967,106
2050,107,0.44065,107
2050,108,0.46269,108
2050,109,0.48582,109
2050,110,0.51011,110
2050,111,0.53562,111
2050,112,0.56240,112
2050,113,0.59052,113
2050,114,0.62004,114
2050,115,0.65105,115
2050,116,0.68360,116
2050,117,0.71778,117
2050,118,0.75367,118
2050,119,0.79135,119
2060,0,0.00243,0
2060,1,0.00020,1
2060,2,0.00014,2
2060,3,0.00011,3
2060,4,0.00009,4
2060,5,0.00008,5
2060,6,0.00008,6
2060,7,0.00007,7
2060,8,0.00006,8
2060,9,0.00005,9
2060,10,0.00003,10
2060,11,0.00003,11
2060,12,0.00007,12
2060,13,0.00014,13
2060,14,0.00025,14
2060,15,0.00036,15
2060,16,0.00047,16
2060,17,0.00056,17
2060,18,0.00064,18
2060,19,0.00069,19
2060,20,0.00075,20
2060,21,0.00080,21
2060,22,0.00083,22
2060,23,0.00082,23
2060,24,0.00079,24
2060,25,0.00074,25
2060,26,0.00071,26
2060,27,0.00069,27
2060,28,0.00069,28
2060,29,0.00072,29
2060,30,0.00075,30
2060,31,0.00078,31
2060,32,0.00083,32
2060,33,0.00089,33
2060,34,0.00095,34
2060,35,0.00103,35
2060,36,0.00112,36
2060,37,0.00122,37
2060,38,0.00132,38
2060,39,0.00144,39
2060,40,0.00156,40
2060,41,0.00169,41
2060,42,0.00183,42
2060,43,0.00197,43
2060,44,0.00211,44
2060,45,0.00228,45
2060,46,0.00245,46
2060,47,0.00261,47
2060,48,0.00274,48
2060,49,0.00285,49
2060,50,0.00299,50
2060,51,0.00315,51
2060,52,0.00337,52
2060,53,0.00364,53
2060,54,0.00397,54
2060,55,0.00436,55
2060,56,0.00479,56
2060,57,0.00526,57
2060,58,0.00574,58
2060,59,0.00628,59
2060,60,0.00687,60
2060,61,0.00755,61
2060,62,0.00837,62
2060,63,0.00933,63
2060,64,0.01044,64
2060,65,0.01167,65
2060,66,0.01298,66
2060,67,0.01435,67
2060,68,0.01575,68
2060,69,0.01721,69
2060,70,0.01888,70
2060,71,0.02073,71
2060,72,0.02264,72
2060,73,0.02456,73
2060,74,0.02660,74
2060,75,0.02908,75
2060,76,0.03198,76
2060,77,0.03506,77
2060,78,0.03831,78
2060,79,0.04192,79
2060,80,0.04597,80
2060,81,0.05089,81
2060,82,0.05719,82
2060,83,0.06514,83
2060,84,0.07449,84
2060,85,0.08481,85
2060,86,0.09576,86
2060,87,0.10712,87
2060,88,0.11888,88
2060,89,0.13112,89
2060,90,0.14401,90
2060,91,0.15770,91
2060,92,0.17236,92
2060,93,0.18812,93
2060,94,0.20509,94
2060,95,0.22195,95
2060,96,0.23840,96
2060,97,0.25415,97
2060,98,0.26890,98
2060,99,0.28235,99
2060,100,0.29647,100
2060,101,0.31129,101
2060,102,0.32685,102
2060,103,0.34320,103
2060,104,0.36036,104
2060,105,0.37838,105
2060,106,0.39729,106
2060,107,0.41716,107
2060,108,0.43802,108
2060,109,0.45992,109
2060,110,0.48291,110
2060,111,0.50706,111
2060,112,0.53241,112
2060,113,0.55903,113
2060,114,0.58698,114
2060,115,0.61633,115
2060,116,0.64715,116
2060,117,0.67951,117
2060,118,0.71348,118
2060,119,0.74916,119
2070,0,0.00205,0
2070,1,0.00018,1
2070,2,0.00012,2
2070,3,0.00010,3
2070,4,0.00008,4
2070,5,0.00007,5
2070,6,0.00007,6
2070,7,0.00007,7
2070,8,0.00005,8
2070,9,0.00004,9
2070,10,0.00003,10
2070,11,0.00003,11
2070,12,0.00006,12
2070,13,0.00013,13
2070,14,0.00022,14
2070,15,0.00033,15
2070,16,0.00043,16
2070,17,0.00052,17
2070,18,0.00059,18
2070,19,0.00064,19
2070,20,0.00069,20
2070,21,0.00074,21
2070,22,0.00077,22
2070,23,0.00076,23
2070,24,0.00073,24
2070,25,0.00069,25
2070,26,0.00065,26
2070,27,0.00064,27
2070,28,0.00064,28
2070,29,0.00066,29
2070,30,0.00069,30
2070,31,0.00072,31
2070,32,0.00076,32
2070,33,0.00082,33
2070,34,0.00088,34
2070,35,0.00095,35
2070,36,0.00103,36
2070,37,0.00112,37
2070,38,0.00122,38
2070,39,0.00132,39
2070,40,0.00143,40
2070,41,0.00155,41
2070,42,0.00168,42
2070,43,0.00181,43
2070,44,0.00194,44
2070,45,0.00209,45
2070,46,0.00225,46
2070,47,0.00239,47
2070,48,0.00251,48
2070,49,0.00262,49
2070,50,0.00274,50
2070,51,0.00290,51
2070,52,0.00310,52
2070,53,0.00336,53
2070,54,0.00366,54
2070,55,0.00403,55
2070,56,0.00443,56
2070,57,0.00486,57
2070,58,0.00531,58
2070,59,0.00580,59
2070,60,0.00635,60
2070,61,0.00698,61
2070,62,0.00774,62
2070,63,0.00866,63
2070,64,0.00971,64
2070,65,0.01089,65
2070,66,0.01214,66
2070,67,0.01343,67
2070,68,0.01475,68
2070,69,0.01612,69
2070,70,0.01768,70
2070,71,0.01941,71
2070,72,0.02119,72
2070,73,0.02299,73
2070,74,0.02489,74
2070,75,0.02722,75
2070,76,0.02994,76
2070,77,0.03282,77
2070,78,0.03581,78
2070,79,0.03914,79
2070,80,0.04286,80
2070,81,0.04743,81
2070,82,0.05338,82
2070,83,0.06100,83
2070,84,0.07001,84
2070,85,0.07997,85
2070,86,0.09049,86
2070,87,0.10137,87
2070,88,0.11255,88
2070,89,0.12417,89
2070,90,0.13637,90
2070,91,0.14933,91
2070,92,0.16322,92
2070,93,0.17819,93
2070,94,0.19436,94
2070,95,0.21041,95
2070,96,0.22607,96
2070,97,0.24106,97
2070,98,0.25508,98
2070,99,0.26783,99
2070,100,0.28123,100
2070,101,0.29529,101
2070,102,0.31005,102
2070,103,0.32555,103
2070,104,0.34183,104
2070,105,0.35892,105
2070,106,0.37687,106
2070,107,0.39571,107
2070,108,0.41550,108
2070,109,0.43627,109
2070,110,0.45809,110
2070,111,0.48099,111
2070,112,0.50504,112
2070,113,0.53029,113
2070,114,0.55681,114
2070,115,0.58465,115
2070,116,0.61388,116
2070,117,0.64457,117
2070,118,0.67680,118
2070,119,0.71064,119
2080,0,0.00173,0
2080,1,0.00016,1
2080,2,0.00011,2
2080,3,0.00009,3
2080,4,0.00007,4
2080,5,0.00006,5
2080,6,0.00006,6
2080,7,0.00006,7
2080,8,0.00005,8
2080,9,0.00003,9
2080,10,0.00002,10
2080,11,0.00002,11
2080,12,0.00005,12
2080,13,0.00012,13
2080,14,0.00021,14
2080,15,0.00031,15
2080,16,0.00040,16
2080,17,0.00048,17
2080,18,0.00054,18
2080,19,0.00059,19
2080,20,0.00064,20
2080,21,0.00068,21
2080,22,0.00071,22
2080,23,0.00070,23
2080,24,0.00067,24
2080,25,0.00063,25
2080,26,0.00060,26
2080,27,0.00059,27
2080,28,0.00059,28
2080,29,0.00061,29
2080,30,0.00064,30
2080,31,0.00066,31
2080,32,0.00070,32
2080,33,0.00075,33
2080,34,0.00081,34
2080,35,0.00088,35
2080,36,0.00095,36
2080,37,0.00103,37
2080,38,0.00112,38
2080,39,0.00122,39
2080,40,0.00132,40
2080,41,0.00143,41
2080,42,0.00154,42
2080,43,0.00166,43
2080,44,0.00179,44
2080,45,0.00193,45
2080,46,0.00207,46
2080,47,0.00220,47
2080,48,0.00231,48
2080,49,0.00242,49
2080,50,0.00253,50
2080,51,0.00268,51
2080,52,0.00287,52
2080,53,0.00310,53
2080,54,0.00339,54
2080,55,0.00373,55
2080,56,0.00411,56
2080,57,0.00451,57
2080,58,0.00493,58
2080,59,0.00538,59
2080,60,0.00588,60
2080,61,0.00647,61
2080,62,0.00719,62
2080,63,0.00806,63
2080,64,0.00906,64
2080,65,0.01019,65
2080,66,0.01138,66
2080,67,0.01261,67
2080,68,0.01385,68
2080,69,0.01513,69
2080,70,0.01660,70
2080,71,0.01822,71
2080,72,0.01989,72
2080,73,0.02158,73
2080,74,0.02337,74
2080,75,0.02555,75
2080,76,0.02813,76
2080,77,0.03082,77
2080,78,0.03360,78
2080,79,0.03667,79
2080,80,0.04011,80
2080,81,0.04438,81
2080,82,0.05001,82
2080,83,0.05731,83
2080,84,0.06599,84
2080,85,0.07559,85
2080,86,0.08570,86
2080,87,0.09612,87
2080,88,0.10678,88
2080,89,0.11783,89
2080,90,0.12940,90
2080,91,0.14170,91
2080,92,0.15489,92
2080,93,0.16914,93
2080,94,0.18458,94
2080,95,0.19990,95
2080,96,0.21484,96
2080,97,0.22913,97
2080,98,0.24248,98
2080,99,0.25460,99
2080,100,0.26733,100
2080,101,0.28070,101
2080,102,0.29473,102
2080,103,0.30947,103
2080,104,0.32494,104
2080,105,0.34119,105
2080,106,0.35825,106
2080,107,0.37616,107
2080,108,0.39497,108
2080,109,0.41472,109
2080,110,0.43546,110
2080,111,0.45723,111
2080,112,0.48009,112
2080,113,0.50409,113
2080,114,0.52930,114
2080,115,0.55576,115
2080,116,0.58355,116
2080,117,0.61273,117
2080,118,0.64337,118
2080,119,0.67553,119
2090,0,0.00147,0
2090,1,0.00014,1
2090,2,0.00009,2
2090,3,0.00008,3
2090,4,0.00006,4
2090,5,0.00006,5
2090,6,0.00005,6
2090,7,0.00005,7
2090,8,0.00004,8
2090,9,0.00003,9
2090,10,0.00002,10
2090,11,0.00002,11
2090,12,0.00004,12
2090,13,0.00010,13
2090,14,0.00019,14
2090,15,0.00028,15
2090,16,0.00037,16
2090,17,0.00044,17
2090,18,0.00050,18
2090,19,0.00055,19
2090,20,0.00059,20
2090,21,0.00063,21
2090,22,0.00065,22
2090,23,0.00065,23
2090,24,0.00062,24
2090,25,0.00058,25
2090,26,0.00056,26
2090,27,0.00054,27
2090,28,0.00054,28
2090,29,0.00056,29
2090,30,0.00059,30
2090,31,0.00061,31
2090,32,0.00065,32
2090,33,0.00069,33
2090,34,0.00075,34
2090,35,0.00081,35
2090,36,0.00087,36
2090,37,0.00095,37
2090,38,0.00103,38
2090,39,0.00112,39
2090,40,0.00122,40
2090,41,0.00132,41
2090,42,0.00142,42
2090,43,0.00153,43
2090,44,0.00165,44
2090,45,0.00177,45
2090,46,0.00191,46
2090,47,0.00203,47
2090,48,0.00213,48
2090,49,0.00223,49
2090,50,0.00234,50
2090,51,0.00248,51
2090,52,0.00265,52
2090,53,0.00287,53
2090,54,0.00314,54
2090,55,0.00346,55
2090,56,0.00382,56
2090,57,0.00419,57
2090,58,0.00458,58
2090,59,0.00500,59
2090,60,0.00547,60
2090,61,0.00601,61
2090,62,0.00669,62
2090,63,0.00752,63
2090,64,0.00848,64
2090,65,0.00956,65
2090,66,0.01069,66
2090,67,0.01186,67
2090,68,0.01304,68
2090,69,0.01425,69
2090,70,0.01563,70
2090,71,0.01716,71
2090,72,0.01873,72
2090,73,0.02032,73
2090,74,0.02200,74
2090,75,0.02407,75
2090,76,0.02650,76
2090,77,0.02903,77
2090,78,0.03162,78
2090,79,0.03448,79
2090,80,0.03768,80
2090,81,0.04167,81
2090,82,0.04702,82
2090,83,0.05402,83
2090,84,0.06238,84
2090,85,0.07162,85
2090,86,0.08134,86
2090,87,0.09132,87
2090,88,0.10151,88
2090,89,0.11203,89
2090,90,0.12304,90
2090,91,0.13474,91
2090,92,0.14730,92
2090,93,0.16089,93
2090,94,0.17565,94
2090,95,0.19030,95
2090,96,0.20458,96
2090,97,0.21823,97
2090,98,0.23096,98
2090,99,0.24251,99
2090,100,0.25463,100
2090,101,0.26737,101
2090,102,0.28073,102
2090,103,0.29477,103
2090,104,0.30951,104
2090,105,0.32499,105
2090,106,0.34123,106
2090,107,0.35830,107
2090,108,0.37621,108
2090,109,0.39502,109
2090,110,0.41477,110
2090,111,0.43551,111
2090,112,0.45729,112
2090,113,0.48015,113
2090,114,0.50416,114
2090,115,0.52937,115
2090,116,0.55583,116
2090,117,0.58363,117
2090,118,0.61281,118
2090,119,0.64345,119